Region,SEQUENCING_PRIMER_8,SEQUENCING_PRIMER_8_TM,SEQUENCING_PRIMER_9,SEQUENCING_PRIMER_9_TM,SEQUENCING_PRIMER_10,SEQUENCING_PRIMER_10_TM,SEQUENCING_PRIMER_11,SEQUENCING_PRIMER_11_TM,SEQUENCING_PRIMER_12,SEQUENCING_PRIMER_12_TM
153019_ecoil_ybeL_ins;BA000036.3:153019-153020,GGCACTGTTCGACACAACCGC,64.8362495055091,GCAATGCGCGCCATTACCGA,64.70870125962665,ACGCTGATGTACGTCGTGAA,59.7609178431743,GCAAGTTAAAATAAGGCTAGTCCGT,59.64659960774634,TGGCCACGTTTAAATCAAAACTGGT,62.13130210482524
Cgl0006_1176_G_A_sub;BA000036.3:6529-6530,GGCACTGTTCGACACAACCGC,64.8362495055091,GCAATGCGCGCCATTACCGA,64.70870125962665,ACGCTGATGTACGTCGTGAA,59.7609178431743,GCAAGTTAAAATAAGGCTAGTCCGT,59.64659960774634,TGGCCACGTTTAAATCAAAACTGGT,62.13130210482524
Cgl0141_cds_del;BA000036.3:153222-155613,GGCACTGTTCGACACAACCGC,64.8362495055091,GCAATGCGCGCCATTACCGA,64.70870125962665,ACGCTGATGTACGTCGTGAA,59.7609178431743,GCAAGTTAAAATAAGGCTAGTCCGT,59.64659960774634,TGGCCACGTTTAAATCAAAACTGGT,62.13130210482524
Cgl0591_-1_Ppgk_promoter_ins;BA000036.3:604469-604470,GGCACTGTTCGACACAACCGC,64.8362495055091,GCAATGCGCGCCATTACCGA,64.70870125962665,ACGCTGATGTACGTCGTGAA,59.7609178431743,GCAAGTTAAAATAAGGCTAGTCCGT,59.64659960774634,TGGCCACGTTTAAATCAAAACTGGT,62.13130210482524
Cgl0851_ecoli_pgi_sub;BA000036.3:907755-909378,GGCACTGTTCGACACAACCGC,64.8362495055091,GCAATGCGCGCCATTACCGA,64.70870125962665,ACGCTGATGTACGTCGTGAA,59.7609178431743,GCAAGTTAAAATAAGGCTAGTCCGT,59.64659960774634,TGGCCACGTTTAAATCAAAACTGGT,62.13130210482524
Cgl1386_327_18to15_sub;BA000036.3:1454441-1454459,GGCACTGTTCGACACAACCGC,64.8362495055091,GCAATGCGCGCCATTACCGA,64.70870125962665,ACGCTGATGTACGTCGTGAA,59.7609178431743,GCAAGTTAAAATAAGGCTAGTCCGT,59.64659960774634,TGGCCACGTTTAAATCAAAACTGGT,62.13130210482524
Cgl1436_1113_CAA_del;BA000036.3:1514089-1514092,GGCACTGTTCGACACAACCGC,64.8362495055091,GCAATGCGCGCCATTACCGA,64.70870125962665,ACGCTGATGTACGTCGTGAA,59.7609178431743,GCAAGTTAAAATAAGGCTAGTCCGT,59.64659960774634,TGGCCACGTTTAAATCAAAACTGGT,62.13130210482524
Cgl1790_1647_TCC_sub;BA000036.3:1899017-1899020,GGCACTGTTCGACACAACCGC,64.8362495055091,GCAATGCGCGCCATTACCGA,64.70870125962665,ACGCTGATGTACGTCGTGAA,59.7609178431743,GCAAGTTAAAATAAGGCTAGTCCGT,59.64659960774634,TGGCCACGTTTAAATCAAAACTGGT,62.13130210482524
Cgl2342_213_GCA_ins;BA000036.3:2484874-2484875,GGCACTGTTCGACACAACCGC,64.8362495055091,GCAATGCGCGCCATTACCGA,64.70870125962665,ACGCTGATGTACGTCGTGAA,59.7609178431743,GCAAGTTAAAATAAGGCTAGTCCGT,59.64659960774634,TGGCCACGTTTAAATCAAAACTGGT,62.13130210482524
